"O","H","","NRT176","","","WestPak","23","10","1000000","900260","inventory","WestPak","WP10",""
"O","H","","NRT176","","","WestPak","23","100","1000000","900260","inventory","WestPak","WP100",""
"O","H","","NRT176","","","WestPak","23","101","1000000","900260","inventory","WestPak","WP101",""
"O","H","","NRT176","","","WestPak","23","11","1000000","900260","inventory","WestPak","WP11",""
"O","H","","NRT176","","","WestPak","23","15","1000000","900260","inventory","WestPak","WP15",""
"O","H","","NRT176","","","WestPak","23","17","1000000","900260","inventory","WestPak","WP17",""
"O","H","","NRT176","","","WestPak","23","18","1000000","900260","inventory","WestPak","WP18",""
"O","H","","NRT176","","","WestPak","23","20","1000000","900260","inventory","WestPak","WP20",""
"O","H","","NRT176","","","WestPak","23","22","1000000","900260","inventory","WestPak","WP22",""
"O","H","","NRT176","","","WestPak","23","26","1000000","900260","inventory","WestPak","WP26",""
"O","H","","NRT176","","","WestPak","23","27","1000000","900260","inventory","WestPak","WP27",""
"O","H","","NRT176","","","WestPak","23","28","1000000","900260","inventory","WestPak","WP28",""
"O","H","","NRT176","","","WestPak","23","30","1000000","900260","inventory","WestPak","WP30",""
"O","H","","NRT176","","","WestPak","23","31","1000000","900260","inventory","WestPak","WP31",""
"O","H","","NRT176","","","WestPak","23","37","1000000","900260","inventory","WestPak","WP37",""
"O","H","","NRT176","","","WestPak","23","38","1000000","900260","inventory","WestPak","SP38",""
"O","H","","NRT176","","","WestPak","23","8","1000000","900260","inventory","WestPak","WP8",""
